{
        "createAccount" : "खाता बनाएं",
        "firstName": "प्रथम नाम",
        "lastName": "अंतिम नाम",
        "email" : "ईमेल",
        "password": "पासवर्ड",
        "cpassword": "पासवर्ड की पुष्टि कीजिये",
        "or" : "या",
        "alreadyAccount": "पहले से ही एक खाता है",
        "signin": "दाखिल करना",


        "enterYourEmail": "अपना ईमेल दर्ज करें",
        "dontHaveAccount": "खाता नहीं है?"

        
    
}